{
    "data":[
        {"name":"地标","class":"iconfont icon-dibiao"},
        {"name":"水滴","class":"iconfont icon-shuidi1"},
        {"name":"收藏","class":"iconfont icon-shoucang"},
        {"name":"查看","class":"iconfont icon-chakan"},
        {"name":"客车","class":"iconfont icon-keche"},
        {"name":"工具","class":"iconfont icon-gongju"},
        {"name":"刷新","class":"iconfont icon-f14"},
        {"name":"系统","class":"iconfont icon-xitong"},
        {"name":"维修","class":"iconfont icon-weixiu"},
        {"name":"电脑","class":"iconfont icon-diannao"},
        {"name":"声音","class":"iconfont icon-shengyin"},
        {"name":"当面付","class":"iconfont icon-dangmianfu"},
        {"name":"水电煤","class":"iconfont icon-shuidianmei"},
        {"name":"手机支付","class":"iconfont icon-shoujichongzhi"},
        {"name":"亲密付","class":"iconfont icon-qinmifu"},
        {"name":"股票","class":"iconfont icon-gupiao"},
        {"name":"旅游特惠","class":"iconfont icon-lvyoutehui"},
        {"name":"国际汇款","class":"iconfont icon-guojihuikuan"},
        {"name":"阿里游戏","class":"iconfont icon-aliyouxi"},
        {"name":"随身贷","class":"iconfont icon-suishendai"},
        {"name":"招财宝","class":"iconfont icon-zhaocaibao"},
        {"name":"我的保障","class":"iconfont icon-wodebaozhang"},
        {"name":"城市服务","class":"iconfont icon-chengshifuwu"},
        {"name":"教育缴费","class":"iconfont icon-jiaoyujiaofei"},
        {"name":"服务床b","class":"iconfont icon-fuwuchuangb"},
        {"name":"探索b","class":"iconfont icon-tansuob"},
        {"name":"财富b","class":"iconfont icon-caifub"},
        {"name":"卡车","class":"iconfont icon-truck"},
        {"name":"智慧农业","class":"iconfont icon-zhihuinongye"},
        {"name":"编辑","class":"iconfont icon-bianji"},
        {"name":"文化","class":"iconfont icon-5"},
        {"name":"上传样式","class":"iconfont icon-shangchuanyangshi"},
        {"name":"文件","class":"iconfont icon-1"},
        {"name":"物理资源","class":"iconfont icon-wuliziyuan"},
        {"name":"全部1","class":"iconfont icon-quanbu1"},
        {"name":"数据","class":"iconfont icon-shuju1"},
        {"name":"商业交易","class":"iconfont icon-shangyemaoyi"},
        {"name":"仪表盘","class":"iconfont icon-yibiaopan1"},
        {"name":"区域","class":"iconfont icon-area"},
        {"name":"算法","class":"iconfont icon-suanfa"},
        {"name":"定位","class":"iconfont icon-dingwei"},
        {"name":"数据库结构检查","class":"iconfont icon-shujukujiegoujiancha"},
        {"name":"项目管理","class":"iconfont icon-xiangmuguanli"},
        {"name":"网络服务","class":"iconfont icon-wangluofuwu"},
        {"name":"企业","class":"iconfont icon-enterprise-copy"},
        {"name":"系统3","class":"iconfont icon-xitong3"},
        {"name":"锁","class":"iconfont icon-suo"},
        {"name":"车辆","class":"iconfont icon-cheliang2"},
        {"name":"数据","class":"iconfont icon-shuju11"},
        {"name":"空气质量差","class":"iconfont icon-kongqizhiliangcha"},
        {"name":"农业","class":"iconfont icon-nongye"},
        {"name":"工业","class":"iconfont icon-icon"},
        {"name":"水质","class":"iconfont icon-water"},
        {"name":"行为偏好","class":"iconfont icon-xingweipianhao3"},
        {"name":"分享","class":"iconfont icon-fenxiang"},
        {"name":"系统","class":"iconfont icon-xitong6"},
        {"name":"日志管理","class":"iconfont icon-rizhiguanli-copy"},
        {"name":"健康","class":"iconfont icon-jiankang"},
        {"name":"方向标识","class":"iconfont icon-fangxiangbiao-shi"},
        {"name":"关系图","class":"iconfont icon-guanxitu"},
        {"name":"绑定","class":"iconfont icon-bangding"},
        {"name":"漏水","class":"iconfont icon-loushui"},
        {"name":"模板管理","class":"iconfont icon-mobanguanli"},
        {"name":"运输中，物流","class":"iconfont icon-yunshuzhongwuliu"},
        {"name":"包裹，发货","class":"iconfont icon-baoguofahuo"},
        {"name":"拆包裹，取件","class":"iconfont icon-chaibaoguoqujian"},
        {"name":"自提柜","class":"iconfont icon-zitigui"},
        {"name":"采购","class":"iconfont icon-caigou"},
        {"name":"06商品","class":"iconfont icon-shangpin"},
        {"name":"07配载，撞车","class":"iconfont icon-peizaizhuangche"},
        {"name":"安全，保障","class":"iconfont icon-anquanbaozhang"},
        {"name":"仓库","class":"iconfont icon-cangkucangchu"},
        {"name":"末端网点","class":"iconfont icon-moduanwangdian"},
        {"name":"签收，审批通过","class":"iconfont icon-qianshoushenpitongguo"},
        {"name":"几件，发送","class":"iconfont icon-jijianfasong"},
        {"name":"结算","class":"iconfont icon-jiesuan"},
        {"name":"资料手册","class":"iconfont icon-ziliaoshouce"},
        {"name":"单据","class":"iconfont icon-danju"},
        {"name":"体积，空间","class":"iconfont icon-tijikongjian"},
        {"name":"业务","class":"iconfont icon-yewu"},
        {"name":"应用程序","class":"iconfont icon-yingyongchengxu"},
        {"name":"标准","class":"iconfont icon-biaozhun"},
        {"name":"33资源","class":"iconfont icon-ziyuan"},
        {"name":"新闻，资讯","class":"iconfont icon-xinwenzixun"},
        {"name":"合作，关系","class":"iconfont icon-hezuoguanxi"},
        {"name":"国际","class":"iconfont icon--guoji"},
        {"name":"海关","class":"iconfont icon-haiguan"},
        {"name":"计算器，利率","class":"iconfont icon-jisuanqilishuai"},
        {"name":"222闪光灯-自动","class":"iconfont icon-shanguangdeng-zidong"},
        {"name":"保存","class":"iconfont icon-baocun"},
        {"name":"任务","class":"iconfont icon-renwu"},
        {"name":"232编辑、输入","class":"iconfont icon-bianjishuru"},
        {"name":"240显示、可见","class":"iconfont icon-xianshikejian"},
        {"name":"242锁定","class":"iconfont icon-suoding1"},
        {"name":"244安装、施工","class":"iconfont icon-anzhuangshigong"},
        {"name":"406报表","class":"iconfont icon-baobiao"},
        {"name":"407饼图","class":"iconfont icon-bingtu"},
        {"name":"条形图","class":"iconfont icon-tiaoxingtu"},
        {"name":"409折线图","class":"iconfont icon-zhexiantu"},
        {"name":"410指南、指导","class":"iconfont icon-zhinanzhidao"},
        {"name":"集成关系","class":"iconfont icon-jichengguanxi"},
        {"name":"河道水质","class":"iconfont icon-hedaoshuizhi"},
        {"name":"多维度","class":"iconfont icon-duoweidu"},
        {"name":"循环","class":"iconfont icon-xinxinicon"},
        {"name":"遥控键盘","class":"iconfont icon-yaokongjianpan"},
        {"name":"公共","class":"iconfont icon-gonggong"},
        {"name":"测评网状图","class":"iconfont icon-ziyuan-copy"},
        {"name":"244安装、施工-线性车","class":"iconfont icon-anzhuangshigong-xianxing"},
        {"name":"排放","class":"iconfont icon-paifang"},
        {"name":"指标管理","class":"iconfont icon-zhibiaoguanli"},
        {"name":"权限管理","class":"iconfont icon-quanxianguanli2"},
        {"name":"生产","class":"iconfont icon-shengchan"},
        {"name":"水污染","class":"iconfont icon-shuiwuran"},
        {"name":"多维度营收分析","class":"iconfont icon-duoweiduyingshoufenxi"},
        {"name":"主数据管理系统","class":"iconfont icon-xitongjicheng"},
        {"name":"系统","class":"iconfont icon-xitong10"},
        {"name":"系统","class":"iconfont icon-win"},
        {"name":"行政管理","class":"iconfont icon-hangzhengguanli"},
        {"name":"成本管理","class":"iconfont icon-chengbenguanli"},
        {"name":"道路机械清扫","class":"iconfont icon-daolujixieqingsao"},
        {"name":"车辆管理","class":"iconfont icon-cheliangguanli"},
        {"name":"车辆运维","class":"iconfont icon-cheliangyunwei"},
        {"name":"大数据分析","class":"iconfont icon-dashujufenxi"},
        {"name":"环卫台账","class":"iconfont icon-huanweitaizhang"},
        {"name":"环卫事件","class":"iconfont icon-huanweishijian"},
        {"name":"绩效考评","class":"iconfont icon-jixiaokaoping"},
        {"name":"基础数据2","class":"iconfont icon-jichushuju"},
        {"name":"监督","class":"iconfont icon-jiandukaohe"},
        {"name":"基础数据","class":"iconfont icon-jichushuju1"},
        {"name":"设施管理","class":"iconfont icon-sheshiguanli"},
        {"name":"垃圾收运","class":"iconfont icon-lajishouyun"},
        {"name":"考勤管理","class":"iconfont icon-kaoqinguanli"},
        {"name":"系统管理","class":"iconfont icon-xitongguanli"},
        {"name":"加气站","class":"iconfont icon-jiaqizhan"},
        {"name":"巡查管理","class":"iconfont icon-xunchaguanli"},
        {"name":"指挥调度","class":"iconfont icon-zhihuitiaodu"},
        {"name":"事件管理","class":"iconfont icon-shijianguanli"},
        {"name":"终端管理","class":"iconfont icon-zhongduanguanli"},
        {"name":"资产管理","class":"iconfont icon-zichanguanli"},
        {"name":"APP升级","class":"iconfont icon-APPshengji"},
        {"name":"报警设置","class":"iconfont icon-baojingshezhi"},
        {"name":"SIM卡管理","class":"iconfont icon-SIMqiaguanli"},
        {"name":"办公室成本","class":"iconfont icon-bangongshichengben"},
        {"name":"车辆保养计划","class":"iconfont icon-cheliangbaoyangjihua"},
        {"name":"车辆档案","class":"iconfont icon-cheliangdangan"},
        {"name":"产品服务管理","class":"iconfont icon-chanpinfuwuguanli"},
        {"name":"车辆排班","class":"iconfont icon-cheliangpaiban"},
        {"name":"车辆年检记录","class":"iconfont icon-cheliangnianjianjilu"},
        {"name":"车辆油耗成本","class":"iconfont icon-cheliangyouhaochengben"},
        {"name":"成本统计分析","class":"iconfont icon-chengbentongjifenxi"},
        {"name":"成本估算","class":"iconfont icon-chengbengusuan"},
        {"name":"道路人工扫保监控","class":"iconfont icon-daolurengongsaobaojiankong"},
        {"name":"电子围栏","class":"iconfont icon-dianziweilan"},
        {"name":"成本计算公式","class":"iconfont icon-chengbenjisuangongshi"},
        {"name":"道路组管理","class":"iconfont icon-daoluzuguanli"},
        {"name":"工资与福利","class":"iconfont icon-gongziyufuli"},
        {"name":"公告管理","class":"iconfont icon-gonggaoguanli"},
        {"name":"固定资产管理","class":"iconfont icon-gudingzichanguanli"},
        {"name":"轨迹查询","class":"iconfont icon-guijichaxun"},
        {"name":"轨迹图","class":"iconfont icon-guijitu"},
        {"name":"管理者驾驶舱","class":"iconfont icon-guanlizhejiashicang"},
        {"name":"基础数据","class":"iconfont icon-jichushuju2"},
        {"name":"检查分组","class":"iconfont icon-jianchafenzu"},
        {"name":"检查计划","class":"iconfont icon-jianchajihua"},
        {"name":"检查区域","class":"iconfont icon-jianchaquyu"},
        {"name":"检查任务分配","class":"iconfont icon-jiancharenwufenpei"},
        {"name":"角色管理","class":"iconfont icon-jiaoseguanli"},
        {"name":"快捷标签","class":"iconfont icon-kuaijiebiaoqian"},
        {"name":"考勤加班","class":"iconfont icon-kaoqinjiaban"},
        {"name":"垃圾收运业务","class":"iconfont icon-lajishouyunyewu"},
        {"name":"考勤统计","class":"iconfont icon-kaoqintongji"},
        {"name":"考勤管理","class":"iconfont icon-kaoqinguanli1"},
        {"name":"劳动定额管理","class":"iconfont icon-laodongdingeguanli"},
        {"name":"临时调度","class":"iconfont icon-linshitiaodu"},
        {"name":"平台级菜单","class":"iconfont icon-pingtaijicaidan"},
        {"name":"考勤请假","class":"iconfont icon-kaoqinqingjia"},
        {"name":"排班管理","class":"iconfont icon-paibanguanli"},
        {"name":"平台级角色","class":"iconfont icon-pingtaijijiaose"},
        {"name":"平台级用户","class":"iconfont icon-pingtaijiyonghu"},
        {"name":"其他费用","class":"iconfont icon-qitafeiyong"},
        {"name":"平台级业务监控","class":"iconfont icon-pingtaijiyewujiankong"},
        {"name":"平台级日志","class":"iconfont icon-pingtaijirizhi"},
        {"name":"平台系统监控","class":"iconfont icon-pingtaixitongjiankong"},
        {"name":"请假单导入","class":"iconfont icon-qingjiadandaoru"},
        {"name":"人工保洁","class":"iconfont icon-rengongbaojie1"},
        {"name":"请假审核","class":"iconfont icon-qingjiashenhe"},
        {"name":"热力图","class":"iconfont icon-relitu"},
        {"name":"人员档案","class":"iconfont icon-renyuandangan"},
        {"name":"人员监控","class":"iconfont icon-renyuanjiankong"},
        {"name":"人员类型","class":"iconfont icon-renyuanleixing"},
        {"name":"人员排班","class":"iconfont icon-renyuanpaiban"},
        {"name":"任务分配规则","class":"iconfont icon-renwufenpeiguize"},
        {"name":"任务计划","class":"iconfont icon-renwujihua"},
        {"name":"任务调度","class":"iconfont icon-renwutiaodu"},
        {"name":"任务调度创建","class":"iconfont icon-renwutiaoduchuangjian"},
        {"name":"人员管理","class":"iconfont icon-renyuanguanli"},
        {"name":"日志管理","class":"iconfont icon-rizhiguanli"},
        {"name":"任务调度回溯","class":"iconfont icon-renwutiaoduhuisu"},
        {"name":"设施类型","class":"iconfont icon-sheshileixing"},
        {"name":"设施管理","class":"iconfont icon-sheshiguanli1"},
        {"name":"任务调度跟踪","class":"iconfont icon-renwutiaodugenzong"},
        {"name":"审核管理","class":"iconfont icon-shenheguanli"},
        {"name":"任务统计报表","class":"iconfont icon-renwutongjibaobiao"},
        {"name":"食堂","class":"iconfont icon-shitang"},
        {"name":"审批管理","class":"iconfont icon-shenpiguanli"},
        {"name":"视频查询","class":"iconfont icon-shipinchaxun"},
        {"name":"视频","class":"iconfont icon-shipin"},
        {"name":"收运要求","class":"iconfont icon-shouyunyaoqiu"},
        {"name":"司机排班","class":"iconfont icon-sijipaiban"},
        {"name":"司机管理","class":"iconfont icon-sijiguanli"},
        {"name":"统计分析","class":"iconfont icon-tongjifenxi"},
        {"name":"台账地图导出","class":"iconfont icon-taizhangditudaochu"},
        {"name":"台账分类","class":"iconfont icon-taizhangfenlei"},
        {"name":"通用","class":"iconfont icon-tongyong"},
        {"name":"事件管理","class":"iconfont icon-shijianguanli1"},
        {"name":"无聊管理","class":"iconfont icon-wuliaoguanli"},
        {"name":"违章事故记录","class":"iconfont icon-weizhangshigujilu"},
        {"name":"台账数据","class":"iconfont icon-taizhangshuju"},
        {"name":"项目管理","class":"iconfont icon-xiangmuguanli1"},
        {"name":"外出计划","class":"iconfont icon-waichujihua"},
        {"name":"图标管理","class":"iconfont icon-tubiaoguanli"},
        {"name":"巡查统计","class":"iconfont icon-xunchatongji"},
        {"name":"巡检处理人员","class":"iconfont icon-xunjianchulirenyuan"},
        {"name":"异常补录","class":"iconfont icon-yichangbulu"},
        {"name":"业务模块","class":"iconfont icon-yewumokuai"},
        {"name":"项目视频配置","class":"iconfont icon-xiangmushipinpeizhi"},
        {"name":"应急预案","class":"iconfont icon-yingjiyuan"},
        {"name":"招待费用","class":"iconfont icon-zhaodaifeiyong"},
        {"name":"责任范围","class":"iconfont icon-zerenfanwei"},
        {"name":"终端参数查询","class":"iconfont icon-zhongduancanshuchaxun"},
        {"name":"油耗参数设置","class":"iconfont icon-youhaocanshushezhi"},
        {"name":"终端下发查询","class":"iconfont icon-zhongduanxiafachaxun"},
        {"name":"终端参数管理","class":"iconfont icon-zhongduancanshuguanli"},
        {"name":"账号管理","class":"iconfont icon-zhanghaoguanli"},
        {"name":"终端拍照","class":"iconfont icon-zhongduanpaizhao"},
        {"name":"终端在线管理","class":"iconfont icon-zhongduanzaixianguanli"},
        {"name":"综合业务统计","class":"iconfont icon-zongheyewutongji"},
        {"name":"字典管理","class":"iconfont icon-zidianguanli"},
        {"name":"转运站监控","class":"iconfont icon-zhuanyunzhanjiankong"},
        {"name":"组织机构","class":"iconfont icon-zuzhijigou"},
        {"name":"终端运维","class":"iconfont icon-zhongduanyunwei"},
        {"name":"作业成本分析","class":"iconfont icon-zuoyechengbenfenxi"},
        {"name":"智慧农业","class":"iconfont icon-zhihuinongye"},
        {"name":"作业报警","class":"iconfont icon-zuoyebaojing"},
        {"name":"作业单位","class":"iconfont icon-zuoyedanwei"},
        {"name":"作业案件","class":"iconfont icon-zuoyeanjian"},
        {"name":"作业道路","class":"iconfont icon-zuoyedaolu"},
        {"name":"作业对象","class":"iconfont icon-zuoyeduixiang"},
        {"name":"作业工艺","class":"iconfont icon-zuoyegongyi"},
        {"name":"作业改善分析","class":"iconfont icon-zuoyegaishanfenxi"},
        {"name":"作业结果对比","class":"iconfont icon-zuoyejieguoduibi"},
        {"name":"作业管理","class":"iconfont icon-zuoyeguanli"},
        {"name":"作业时间段","class":"iconfont icon-zuoyeshijianduan"},
        {"name":"作业进度","class":"iconfont icon-zuoyejindu"},
        {"name":"作业区域","class":"iconfont icon-zuoyequyu"},
        {"name":"作业里程","class":"iconfont icon-zuoyelicheng"},
        {"name":"作业时长","class":"iconfont icon-zuoyeshichang"},
        {"name":"作业要求","class":"iconfont icon-zuoyeyaoqiu"},
        {"name":"作业状态","class":"iconfont icon-zuoyezhuangtai"},
        {"name":"通用","class":"iconfont icon-tongyong"}
    ]
}
